{"n":[1,2,3,4,5,6,7,8,9,10,11,12,13,14,15,16,17,18,19,20,21,22,23,24,25,26,27,28,29,30,31,32,33,34,35,36,37,38,39,40,41,42,43,44,45,46,47,48,49,50,51,52,53,54,55,56,57,58,59,60,61,62,63,64,65,66,67,68,69,70,71,72,73,74,75,76,77,78,79,80,81,82,83,84,85,86,87,88,89,90,91,92,93,94,95,96,97,98,99,100,101,102,103,104,105,106,107,108,109,110,111,112,113,114,115,116,117,118,119,120,121,122,123,124,125,126,127,128,129,130,131,132,133,134,135,136,137,138,139,140,141,142,143,144,145,146,147,148,149,150,151,152,153,154,155,156,157,158,159,160],"dt":[0.00483485500048846,0.001098527000285685,0.0004882580004632473,0.0005507119996473193,0.0006433359999209643,0.0007601530002430082,0.0009201530003920198,0.0010973359998315572,0.0013011640002951025,0.0015827820003032685,0.0018531269999220968,0.004775848000310361,0.002513944000005722,0.004186801999807358,0.0035933829993009567,0.0022595030004158617,0.001257337000221014,0.0014939049994572998,0.0013157500000670552,0.0016170430006459354,0.0014694210002198815,0.0016230210000649095,0.0017975510004907846,0.0027346919998526573,0.0021464160000905395,0.002850099000148475,0.0024812730001285673,0.002732249000109732,0.0029837969997897743,0.003935229999944567,0.0038278280002996324,0.003910471000708639,0.004436699000187218,0.005114970999769867,0.0047695629997178916,0.005109179999679327,0.006067343000322581,0.006219186999835074,0.006519760999828577,0.006745045999996364,0.007533712999895215,0.011090090000070631,0.008375795999541878,0.00894977100007236,0.009986263000406325,0.010187502999790012,0.011209719000384212,0.011840842000208796,0.012241274999454618,0.01241584499925375,0.013112705000676215,0.014390150000341237,0.015323901999741792,0.016391475999727845,0.017153789999894798,0.01777682500053197,0.018677095999941228,0.019836816999129953,0.02080623700004071,0.02181045800074935,0.022773044999688862,0.023520581000484528,0.024864164999686182,0.026248775000683962,0.028332973000593484,0.027898626999929548,0.029498780000023542,0.030416282000020146,0.03264731399994344,0.03328385199978948,0.03478747900016606,0.036157608999870715,0.037553170999512074,0.03963283499982208,0.04394127200078219,0.0458394129993394,0.04731878499966115,0.04889272399991751,0.055124634999781846,0.048764677999541164,0.050369493999518455,0.05218650600034744,0.05597343999985605,0.05978477000072598,0.06294282300025225,0.06501450100075454,0.07200680999923498,0.06471956599969417,0.06787496200017631,0.06902343699987978,0.07135815299954265,0.07365167499985546,0.0794994810000062,0.08020740299951284,0.0917526380000636,0.08364457200001925,0.0850660210000351,0.09044853099994361,0.09631739799957723,0.10586595600005239,0.0972857119999826,0.09955167699977756,0.10390827200002968,0.11724801599979401,0.11083652900066226,0.11368512699939311,0.12214058100059628,0.12926934199966492,0.1218481890000403,0.12605652800016104,0.12727302199974655,0.13881155799981207,0.13591099000070245,0.1391395260002464,0.15407885599974544,0.14464635599963366,0.1493105619996786,0.1543097950005904,0.1695110910004005,0.16331595599930734,0.1632910139998421,0.17006623500026763,0.18772908699978144,0.1769897100003436,0.18292274700012057,0.1892379089994356,0.20194102799985558,0.19442887800000608,0.20677206499967724,0.20735587400011718,0.22169183399993928,0.21616334199998527,0.2181588549995795,0.23002070099953562,0.23255938099976628,0.24580217800009996,0.23839185999985785,0.2510252740001306,0.25173883299995214,0.2638908280003816,0.2631077930005267,0.26909832799993455,0.26796563299931586,0.2909559979997575,0.2793213200001046,0.2861938549997285,0.3103170070005581,0.29826247400045397,0.30644200900010765,0.32979809799976645,0.32234698699973524,0.32833829400036485,0.35613110500015316,0.33541951700020584,0.3557513100001961,0.3506656250003725,0.388578285000287,0.3617063790000975,0.38806041300017385,0.4569954279996455]}