{"n":[1,2,3,4,5,6,7,8,9,10,11,12,13,14,15,16,17,18,19,20,21,22,23,24,25,26,27,28,29,30,31,32,33,34,35,36,37,38,39,40,41,42,43,44,45,46,47,48,49,50,51,52,53,54,55,56,57,58,59,60,61,62,63,64,65,66,67,68,69,70,71,72,73,74,75,76,77,78,79,80,81,82,83,84,85,86,87,88,89,90,91,92,93,94,95,96,97,98,99,100,101,102,103,104,105,106,107,108,109,110,111,112,113,114,115,116,117,118,119,120,121,122,123,124,125,126,127,128,129,130,131,132,133,134,135,136,137,138,139,140,141,142,143,144,145,146,147,148,149,150,151,152,153,154,155,156,157,158,159,160],"dt":[0.0012948129996657371,0.0001263790000230074,0.00004682700056582689,0.00011908399965614081,0.00005846800003200769,0.00006996400002390146,0.0000897709997370839,0.00011368400044739247,0.00014712299965322017,0.000198530999943614,0.0002745360005646944,0.0003368400000035763,0.00039490399975329637,0.0030500729996711016,0.0006180229997262359,0.0006850609993562102,0.0008418809995055198,0.000983749999664724,0.0011547840004786849,0.001480252000503242,0.0015554900001734494,0.00011348100006580353,0.0001044319998472929,0.00011426299996674061,0.0001286920001730323,0.00014264000020921232,0.00020962999947369098,0.00017824199981987478,0.0002410570001229644,0.0002455470003187656,0.00026096099987626075,0.00028684999980032444,0.00032510100025683644,0.000353821000084281,0.0003899299995973706,0.0004089350001886487,0.00042277100030332806,0.00048483299929648636,0.0005272329999133945,0.0005617709998041392,0.0005894579999148846,0.000625598999671638,0.0007152430005371571,0.0008460889998823404,0.0007671680003404617,0.0009017719998955727,0.0008842709995806218,0.0009257680000737309,0.0009577080002054572,0.0010340049993246795,0.0012167459996417164,0.0011813150001689793,0.0013471309999004007,0.0011584360003471374,0.00137145600002259,0.0014485450005158782,0.001564632000401616,0.0016878490000963211,0.0016462329998612403,0.001774277999997139,0.0017355519998818636,0.001965944000519812,0.0019599100006744267,0.002347007000818849,0.0023158320002257824,0.0023227389995008705,0.002400495000183582,0.009025355000048876,0.002850076999515295,0.0026527199996635316,0.003138326999731362,0.00287659400049597,0.009756940999999643,0.00324738800060004,0.005294974000193179,0.003929945000447333,0.0036534449998289345,0.0040746440002694725,0.005621992000378669,0.0040235190000385045,0.004652817999944091,0.00473929399996996,0.004329260000027716,0.004803259999491274,0.005348303000442684,0.006310132999904454,0.005242651999928057,0.00636313599999994,0.0056821569995954635,0.006634828000329435,0.006173592999577523,0.005831637999974191,0.006347544999793172,0.006299645000137389,0.00643730999995023,0.006512407999485731,0.006944930999539792,0.007652963000349701,0.007692999000661075,0.008789660999551415,0.007876215000636875,0.007988036000169814,0.008503147999756037,0.008445946000516414,0.008561816999688745,0.0089076009998098,0.009278500000014902,0.009346044999547302,0.009556450000032782,0.0098479220001027,0.01041787900030613,0.01035026099998504,0.010691069000400602,0.011008120999671519,0.01142886700015515,0.011587729000486434,0.011814475999213755,0.01197815200034529,0.012925261000171304,0.04330954699963331,0.0371945210006088,0.013657290999777616,0.013886810000054537,0.01401959399972111,0.014471505000256003,0.014966471999883652,0.015475336000323296,0.015210254000499844,0.01628082100022584,0.016459069000557065,0.016446875999681653,0.016765680000185967,0.017494425000622867,0.017771909999661148,0.018496284999884666,0.01879084500018507,0.019961958000436424,0.019093417000025512,0.019663134000264107,0.020887387000024318,0.020855728999711574,0.020008426000364125,0.02204314099997282,0.021525702999904753,0.02202238900028169,0.023531177000142633,0.024082398999482394,0.02382415200024843,0.0253168959999457,0.028799004999920726,0.026407784999348222,0.02727668699994683,0.02785727299936116,0.026689094999805093,0.027048010000027715,0.027658974999561905,0.028671728000044822,0.028600462000817062,0.029332776000723242,0.030070420000702144]}